{"inputUnits":[34],"outputUnits":2,"inputs":{"0":{"dtype":"number","min":232.30594917030186,"max":336.66967250957566},"1":{"dtype":"number","min":200.3635646953657,"max":227.97278140769396},"2":{"dtype":"number","min":245.70665708311802,"max":343.1718391388771},"3":{"dtype":"number","min":186.55504991108342,"max":215.3867515237415},"4":{"dtype":"number","min":232.4734158645808,"max":319.4655895604234},"5":{"dtype":"number","min":185.84481324667132,"max":213.97954443549366},"6":{"dtype":"number","min":287.21303145709203,"max":357.76485858724277},"7":{"dtype":"number","min":194.61684557250504,"max":224.52809374620017},"8":{"dtype":"number","min":244.63958858979817,"max":299.5065960717109},"9":{"dtype":"number","min":193.43282261711153,"max":221.2396192736199},"10":{"dtype":"number","min":329.77502726395306,"max":384.6175161873784},"11":{"dtype":"number","min":251.78225743631447,"max":275.12411540584344},"12":{"dtype":"number","min":226.5528816193458,"max":306.904586613874},"13":{"dtype":"number","min":236.81880639220952,"max":279.4671728082204},"14":{"dtype":"number","min":388.86925070202307,"max":428.587211876064},"15":{"dtype":"number","min":331.6313343567607,"max":358.8669664850495},"16":{"dtype":"number","min":216.662730651143,"max":293.7230139112658},"17":{"dtype":"number","min":267.9691074237749,"max":396.1626708925002},"18":{"dtype":"number","min":372.9311100703733,"max":470.5386839395367},"19":{"dtype":"number","min":254.9893390343811,"max":411.3978190737476},"20":{"dtype":"number","min":221.57717812386005,"max":306.29990158377916},"21":{"dtype":"number","min":274.12944630426193,"max":464.780418306937},"22":{"dtype":"number","min":308.556984036813,"max":373.2389326874848},"23":{"dtype":"number","min":414.5321892764318,"max":456.99676157435556},"24":{"dtype":"number","min":261.419278749696,"max":309.58612583026814},"25":{"dtype":"number","min":403.9198404156281,"max":471.9535085477718},"26":{"dtype":"number","min":260.46798884172847,"max":486.1602759454037},"27":{"dtype":"number","min":448.99263730772736,"max":572.9386848420021},"28":{"dtype":"number","min":223.96643018908074,"max":356.3689630411942},"29":{"dtype":"number","min":437.21190723463724,"max":578.3878097831043},"30":{"dtype":"number","min":246.25139941501246,"max":517.4269371923306},"31":{"dtype":"number","min":512.2596206368175,"max":583.7099780368434},"32":{"dtype":"number","min":243.69163899106275,"max":348.6110345862719},"33":{"dtype":"number","min":544.4296692132023,"max":584.8858405087245}},"outputs":{"0":{"dtype":"string","min":0,"max":1,"uniqueValues":["v","g"],"legend":{"v":[1,0],"g":[0,1]}}},"isNormalized":true}