{"inputUnits":[34],"outputUnits":2,"inputs":{"0":{"dtype":"number","min":363.87107938180174,"max":427.0921367244498},"1":{"dtype":"number","min":214.15932384446438,"max":357.1990348578427},"2":{"dtype":"number","min":378.11463114816394,"max":495.56146643968873},"3":{"dtype":"number","min":187.76660726228113,"max":303.7058373833445},"4":{"dtype":"number","min":336.48498772647133,"max":393.950198281136},"5":{"dtype":"number","min":189.8252251176055,"max":276.01226034795263},"6":{"dtype":"number","min":382.0928147609132,"max":571.4753740956347},"7":{"dtype":"number","min":225.2260212582837,"max":330.66448642122145},"8":{"dtype":"number","min":234.6855819642776,"max":336.30252348309824},"9":{"dtype":"number","min":228.84550102026083,"max":262.6781478466227},"10":{"dtype":"number","min":413.6125390909989,"max":640.8653772851372},"11":{"dtype":"number","min":398.76500615813853,"max":542.0166585603113},"12":{"dtype":"number","min":131.5252756794139,"max":221.4404819354937},"13":{"dtype":"number","min":411.56952023042317,"max":446.7893892874514},"14":{"dtype":"number","min":467.9913282579949,"max":662.6907977983645},"15":{"dtype":"number","min":546.8583982000091,"max":592.4351673645732},"16":{"dtype":"number","min":41.421513538880106,"max":132.79106407313958},"17":{"dtype":"number","min":548.224799011468,"max":590.0649727550463},"18":{"dtype":"number","min":419.5538911930782,"max":636.0506669278275},"19":{"dtype":"number","min":408.4949395443215,"max":573.6111414571681},"20":{"dtype":"number","min":111.28408053505746,"max":200.58910622207108},"21":{"dtype":"number","min":525.6766964211074,"max":580.3254028795294},"22":{"dtype":"number","min":399.84932539527983,"max":571.7152375098797},"23":{"dtype":"number","min":556.2658652813982,"max":589.2390697197228},"24":{"dtype":"number","min":161.26781730800286,"max":316.36314303030764},"25":{"dtype":"number","min":548.3893974096395,"max":582.1025970102748},"26":{"dtype":"number","min":391.0917004537026,"max":571.0353403054323},"27":{"dtype":"number","min":496.2180218529609,"max":562.9137370187485},"28":{"dtype":"number","min":140.82211268087306,"max":312.0196936937622},"29":{"dtype":"number","min":478.5186411341805,"max":561.6729691798585},"30":{"dtype":"number","min":391.6241579760837,"max":567.3074204263056},"31":{"dtype":"number","min":541.078841509986,"max":569.9808582350438},"32":{"dtype":"number","min":145.319413359527,"max":315.0559632416365},"33":{"dtype":"number","min":541.0619855947532,"max":562.9033182938275}},"outputs":{"0":{"dtype":"string","min":0,"max":1,"uniqueValues":["m","n"],"legend":{"m":[1,0],"n":[0,1]}}},"isNormalized":true}