{"inputUnits":[34],"outputUnits":3,"inputs":{"0":{"dtype":"number","min":242.48294370183686,"max":492.97942640252614},"1":{"dtype":"number","min":126.42782367157102,"max":186.9476282735743},"2":{"dtype":"number","min":271.8983815708977,"max":518.6516176958493},"3":{"dtype":"number","min":101.35016415369651,"max":168.05856964467566},"4":{"dtype":"number","min":213.5046291722398,"max":455.9374833756384},"5":{"dtype":"number","min":98.04850418743919,"max":154.13335688847047},"6":{"dtype":"number","min":309.0836800304368,"max":545.8774824921724},"7":{"dtype":"number","min":116.70342471349102,"max":202.92681861016536},"8":{"dtype":"number","min":163.21962260086713,"max":387.7383660342443},"9":{"dtype":"number","min":111.2634912631855,"max":199.2774003767318},"10":{"dtype":"number","min":427.388227292072,"max":609.9633741564325},"11":{"dtype":"number","min":291.9420531751581,"max":402.07139545841443},"12":{"dtype":"number","min":113.07768231699903,"max":330.77373935090895},"13":{"dtype":"number","min":316.86989364920885,"max":396.75799002443307},"14":{"dtype":"number","min":597.3145644859582,"max":665.2790779084083},"15":{"dtype":"number","min":315.5797532374757,"max":583.0197796654609},"16":{"dtype":"number","min":6.162317179520307,"max":190.0262433360059},"17":{"dtype":"number","min":444.5583037736351,"max":579.5669615036783},"18":{"dtype":"number","min":378.08745031690785,"max":649.2261810896462},"19":{"dtype":"number","min":137.01492962670233,"max":575.6357096512494},"20":{"dtype":"number","min":76.5498859687538,"max":356.0904773756688},"21":{"dtype":"number","min":109.83227444066148,"max":571.8071405433031},"22":{"dtype":"number","min":378.2357633716865,"max":560.1852280434931},"23":{"dtype":"number","min":531.7457954614542,"max":592.5809155178441},"24":{"dtype":"number","min":168.5437652944127,"max":388.7139702585421},"25":{"dtype":"number","min":551.9431367272997,"max":581.4265507204524},"26":{"dtype":"number","min":406.5131434577912,"max":568.1329013215893},"27":{"dtype":"number","min":538.604996380639,"max":587.1336394432454},"28":{"dtype":"number","min":102.25659559672908,"max":397.03870944012},"29":{"dtype":"number","min":545.180028774395,"max":575.3050546609011},"30":{"dtype":"number","min":392.0674056116245,"max":571.7509003279274},"31":{"dtype":"number","min":545.9223563940145,"max":567.9300009879621},"32":{"dtype":"number","min":107.8760406850377,"max":392.0677968778499},"33":{"dtype":"number","min":544.4558015222216,"max":568.9207547555174}},"outputs":{"0":{"dtype":"string","min":0,"max":1,"uniqueValues":["g","h","j"],"legend":{"g":[1,0,0],"h":[0,1,0],"j":[0,0,1]}}},"isNormalized":true}