
{"inputUnits":[34],"outputUnits":6,"inputs":{"0":{"dtype":"number","min":270.48183871614333,"max":520.1482288939479},"1":{"dtype":"number","min":29.842664072949603,"max":159.42977126006485},"2":{"dtype":"number","min":280.49943575135467,"max":532.7330759248845},"3":{"dtype":"number","min":21.521577946406865,"max":149.65906996671328},"4":{"dtype":"number","min":268.3133243308457,"max":512.39721275953},"5":{"dtype":"number","min":19.06768680082685,"max":151.15576361867704},"6":{"dtype":"number","min":298.6182174979481,"max":551.7149453960968},"7":{"dtype":"number","min":26.374237416783203,"max":165.1477009220346},"8":{"dtype":"number","min":284.16132114276814,"max":503.91758306481034},"9":{"dtype":"number","min":30.76887672513375,"max":160.24353287099402},"10":{"dtype":"number","min":321.39619226121715,"max":561.5458361555167},"11":{"dtype":"number","min":81.19701919852528,"max":219.6396135263406},"12":{"dtype":"number","min":299.2783032131566,"max":500.57647586332683},"13":{"dtype":"number","min":85.27123299090314,"max":215.26556942713398},"14":{"dtype":"number","min":281.95357385776384,"max":592.8580893431192},"15":{"dtype":"number","min":49.92133114588401,"max":303.4419102056481},"16":{"dtype":"number","min":273.5375240340771,"max":548.1031413393725},"17":{"dtype":"number","min":44.46696121868921,"max":315.5208557960124},"18":{"dtype":"number","min":240.89154714740204,"max":609.7563545434855},"19":{"dtype":"number","min":5.111337505889779,"max":363.6405333285202},"20":{"dtype":"number","min":227.15525467572044,"max":593.8270634157649},"21":{"dtype":"number","min":5.756013625326787,"max":350.7636768623085},"22":{"dtype":"number","min":293.6987031572988,"max":545.909672006095},"23":{"dtype":"number","min":230.01887696262463,"max":347.628179765397},"24":{"dtype":"number","min":247.3299695916677,"max":504.56752554451907},"25":{"dtype":"number","min":232.24770037580555,"max":348.83846179056724},"26":{"dtype":"number","min":235.54208243403454,"max":560.8897975817729},"27":{"dtype":"number","min":301.311735754347,"max":420.00063410065053},"28":{"dtype":"number","min":264.4879862863266,"max":562.8035085952699},"29":{"dtype":"number","min":290.44540464646155,"max":415.82759278293713},"30":{"dtype":"number","min":234.00184126679537,"max":559.2679641961124},"31":{"dtype":"number","min":342.81404844053986,"max":522.9869786125213},"32":{"dtype":"number","min":232.73522877971487,"max":553.3240761367264},"33":{"dtype":"number","min":306.0644543124544,"max":521.2837382513262}},"outputs":{"0":{"dtype":"string","min":0,"max":1,"uniqueValues":["1","2","3","4","5","6"],"legend":{"1":[1,0,0,0,0,0],"2":[0,1,0,0,0,0],"3":[0,0,1,0,0,0],"4":[0,0,0,1,0,0],"5":[0,0,0,0,1,0],"6":[0,0,0,0,0,1]}}},"isNormalized":true}