{"inputUnits":[34],"outputUnits":4,"inputs":{"0":{"dtype":"number","min":265.50926475673333,"max":396.38667407202814},"1":{"dtype":"number","min":93.42422425978842,"max":182.84911396902362},"2":{"dtype":"number","min":290.2429959189567,"max":413.3083215854511},"3":{"dtype":"number","min":87.59293374384424,"max":164.4559042370273},"4":{"dtype":"number","min":250.22898751937925,"max":383.1786206909655},"5":{"dtype":"number","min":80.55075211283761,"max":165.24901156295599},"6":{"dtype":"number","min":328.49729129776415,"max":439.42025507470515},"7":{"dtype":"number","min":99.87624943952153,"max":180.6402492894273},"8":{"dtype":"number","min":225.19346482095088,"max":368.17007695654485},"9":{"dtype":"number","min":91.91773054664702,"max":193.05437733691025},"10":{"dtype":"number","min":383.0850659084691,"max":484.83999823781767},"11":{"dtype":"number","min":154.80697305285977,"max":307.48822995196986},"12":{"dtype":"number","min":191.84566215782314,"max":345.3799604720179},"13":{"dtype":"number","min":147.33787566307453,"max":275.74982728475726},"14":{"dtype":"number","min":423.72100117605487,"max":638.2977461165491},"15":{"dtype":"number","min":83.9194782420355,"max":457.7722631075967},"16":{"dtype":"number","min":72.75529141555964,"max":363.33106430588066},"17":{"dtype":"number","min":106.5140150493221,"max":352.73845331214284},"18":{"dtype":"number","min":365.19011619953795,"max":575.8325456552468},"19":{"dtype":"number","min":22.87158891848553,"max":549.9034457076848},"20":{"dtype":"number","min":53.47352024182271,"max":456.23134390389407},"21":{"dtype":"number","min":15.876583589190176,"max":467.46126523741486},"22":{"dtype":"number","min":345.03835952699416,"max":474.0863817860644},"23":{"dtype":"number","min":336.1669173778727,"max":568.455786797787},"24":{"dtype":"number","min":220.06019681344236,"max":364.83101692645005},"25":{"dtype":"number","min":352.1353339406767,"max":551.0940718001428},"26":{"dtype":"number","min":241.21861320525292,"max":507.52056077296635},"27":{"dtype":"number","min":443.03532938085175,"max":588.5918239489604},"28":{"dtype":"number","min":193.98442071699446,"max":365.9779648836485},"29":{"dtype":"number","min":450.7029658811101,"max":580.2606391164579},"30":{"dtype":"number","min":233.07300612156493,"max":473.78048432940176},"31":{"dtype":"number","min":472.0620050690054,"max":573.519281172103},"32":{"dtype":"number","min":198.0128449317546,"max":357.86880619331095},"33":{"dtype":"number","min":543.4348365397768,"max":568.1579114861989}},"outputs":{"0":{"dtype":"string","min":0,"max":1,"uniqueValues":["j","k","l","m"],"legend":{"j":[1,0,0,0],"k":[0,1,0,0],"l":[0,0,1,0],"m":[0,0,0,1]}}},"isNormalized":true}